Type,Name,Request Count,Failure Count,Median Response Time,Average Response Time,Min Response Time,Max Response Time,Average Content Size,Requests/s,Failures/s,50%,66%,75%,80%,90%,95%,98%,99%,99.9%,99.99%,100%
GET,GET /api/dashboard,12,0,5,12.814874999700502,2.4247499968623742,45.947457998408936,5503.0,1.332471804106955,0.0,9,10,16,16,41,46,46,46,46,46,46
POST,POST /api/v1/order,1423,0,6,16.094322510810407,1.556375005748123,172.92420800367836,105.12649332396346,158.00894810368308,0.0,6,11,17,24,40,62,110,130,170,170,170
,Aggregated,1435,0,6,16.06689855949799,1.556375005748123,172.92420800367836,150.26550522648083,159.34141990779003,0.0,6,11,17,24,40,62,110,130,170,170,170
